Ticker,Error
^IXIC,No data found in Yahoo Finance
^DJI,No data found in Yahoo Finance
^GSPC,No data found in Yahoo Finance
SMST,No data found in Yahoo Finance
PLTZ,No data found in Yahoo Finance
SMCZ,No data found in Yahoo Finance
GOLI,No data found in Yahoo Finance
XMAG,No data found in Yahoo Finance
MST,No data found in Yahoo Finance
QQQT,No data found in Yahoo Finance
QLDY,No data found in Yahoo Finance
QQQY,No data found in Yahoo Finance
USOY,No data found in Yahoo Finance
QTUM,No data found in Yahoo Finance
IWMY,No data found in Yahoo Finance
SPYT,No data found in Yahoo Finance
WDTE,No data found in Yahoo Finance
UFOX,No data found in Yahoo Finance
DDX,No data found in Yahoo Finance
DEMZ,No data found in Yahoo Finance
DFTT,No data found in Yahoo Finance
HF,No data found in Yahoo Finance
DHLX,No data found in Yahoo Finance
DFAE,No data found in Yahoo Finance
DFEM,No data found in Yahoo Finance
DEXC,No data found in Yahoo Finance
DEHP,No data found in Yahoo Finance
DFSE,No data found in Yahoo Finance
DFEV,No data found in Yahoo Finance
DFGR,No data found in Yahoo Finance
DFIC,No data found in Yahoo Finance
DFAI,No data found in Yahoo Finance
DIHP,No data found in Yahoo Finance
DFIS,No data found in Yahoo Finance
DISV,No data found in Yahoo Finance
DFSI,No data found in Yahoo Finance
DFIV,No data found in Yahoo Finance
DXIV,No data found in Yahoo Finance
DFAC,No data found in Yahoo Finance
DFUS,No data found in Yahoo Finance
DFAS,No data found in Yahoo Finance
DFAT,No data found in Yahoo Finance
DCOR,No data found in Yahoo Finance
DFAU,No data found in Yahoo Finance
DUHP,No data found in Yahoo Finance
DFLV,No data found in Yahoo Finance
DFVX,No data found in Yahoo Finance
DFUV,No data found in Yahoo Finance
DFAR,No data found in Yahoo Finance
DFSV,No data found in Yahoo Finance
DFSU,No data found in Yahoo Finance
DXUV,No data found in Yahoo Finance
DFAW,No data found in Yahoo Finance
DFAX,No data found in Yahoo Finance
COM,No data found in Yahoo Finance
PLTD,No data found in Yahoo Finance
TMV,No data found in Yahoo Finance
TMF,No data found in Yahoo Finance
TYO,No data found in Yahoo Finance
TYD,No data found in Yahoo Finance
AAPD,No data found in Yahoo Finance
AAPU,No data found in Yahoo Finance
DFEN,No data found in Yahoo Finance
AIBD,No data found in Yahoo Finance
AIBU,No data found in Yahoo Finance
AMDD,No data found in Yahoo Finance
AMUU,No data found in Yahoo Finance
AMZD,No data found in Yahoo Finance
AMZU,No data found in Yahoo Finance
AVS,No data found in Yahoo Finance
AVL,No data found in Yahoo Finance
BOEU,No data found in Yahoo Finance
TBXU,No data found in Yahoo Finance
BRKU,No data found in Yahoo Finance
WANT,No data found in Yahoo Finance
CSCS,No data found in Yahoo Finance
CSCL,No data found in Yahoo Finance
CHAU,No data found in Yahoo Finance
CWEB,No data found in Yahoo Finance
WEBS,No data found in Yahoo Finance
WEBL,No data found in Yahoo Finance
ERY,No data found in Yahoo Finance
ERX,No data found in Yahoo Finance
TEXU,No data found in Yahoo Finance
FAZ,No data found in Yahoo Finance
FAS,No data found in Yahoo Finance
YANG,No data found in Yahoo Finance
YINN,No data found in Yahoo Finance
EURL,No data found in Yahoo Finance
DUST,No data found in Yahoo Finance
NUGT,No data found in Yahoo Finance
GGLS,No data found in Yahoo Finance
GGLL,No data found in Yahoo Finance
CURE,No data found in Yahoo Finance
NAIL,No data found in Yahoo Finance
DUSL,No data found in Yahoo Finance
LINT,No data found in Yahoo Finance
JDST,No data found in Yahoo Finance
JNUG,No data found in Yahoo Finance
ELIL,No data found in Yahoo Finance
LMTL,No data found in Yahoo Finance
QQQD,No data found in Yahoo Finance
QQQU,No data found in Yahoo Finance
METD,No data found in Yahoo Finance
METU,No data found in Yahoo Finance
MIDU,No data found in Yahoo Finance
BRZU,No data found in Yahoo Finance
EDZ,No data found in Yahoo Finance
EDC,No data found in Yahoo Finance
INDL,No data found in Yahoo Finance
MEXX,No data found in Yahoo Finance
KORU,No data found in Yahoo Finance
MSFD,No data found in Yahoo Finance
MSFU,No data found in Yahoo Finance
MUD,No data found in Yahoo Finance
MUU,No data found in Yahoo Finance
NFXS,No data found in Yahoo Finance
NFXL,No data found in Yahoo Finance
NVDD,No data found in Yahoo Finance
NVDU,No data found in Yahoo Finance
FNGG,No data found in Yahoo Finance
ORCS,No data found in Yahoo Finance
PALD,No data found in Yahoo Finance
PALU,No data found in Yahoo Finance
PILL,No data found in Yahoo Finance
PLTU,No data found in Yahoo Finance
QCMD,No data found in Yahoo Finance
QCMU,No data found in Yahoo Finance
DRV,No data found in Yahoo Finance
DRN,No data found in Yahoo Finance
DPST,No data found in Yahoo Finance
RETL,No data found in Yahoo Finance
UBOT,No data found in Yahoo Finance
SPDN,No data found in Yahoo Finance
SPXS,No data found in Yahoo Finance
SPUU,No data found in Yahoo Finance
SPXL,No data found in Yahoo Finance
HIBS,No data found in Yahoo Finance
HIBL,No data found in Yahoo Finance
LABD,No data found in Yahoo Finance
LABU,No data found in Yahoo Finance
DRIP,No data found in Yahoo Finance
GUSH,No data found in Yahoo Finance
SOXS,No data found in Yahoo Finance
SOXL,No data found in Yahoo Finance
TSXU,No data found in Yahoo Finance
TZA,No data found in Yahoo Finance
TNA,No data found in Yahoo Finance
TECS,No data found in Yahoo Finance
TECL,No data found in Yahoo Finance
TTXU,No data found in Yahoo Finance
TPOR,No data found in Yahoo Finance
TSLS,No data found in Yahoo Finance
TSLL,No data found in Yahoo Finance
TSMZ,No data found in Yahoo Finance
TSMX,No data found in Yahoo Finance
URAA,No data found in Yahoo Finance
UTSL,No data found in Yahoo Finance
XOMX,No data found in Yahoo Finance
HCMT,No data found in Yahoo Finance
QQQE,No data found in Yahoo Finance
DSTX,No data found in Yahoo Finance
DSMC,No data found in Yahoo Finance
DSTL,No data found in Yahoo Finance
DCMT,No data found in Yahoo Finance
DFVE,No data found in Yahoo Finance
CAPE,No data found in Yahoo Finance
DRAI,No data found in Yahoo Finance
BBLU,No data found in Yahoo Finance
BSVO,No data found in Yahoo Finance
EAGL,No data found in Yahoo Finance
EMPB,No data found in Yahoo Finance
ELM,No data found in Yahoo Finance
REMG,No data found in Yahoo Finance
EMQQ,No data found in Yahoo Finance
HEDG,No data found in Yahoo Finance
XOVR,No data found in Yahoo Finance
ESN,No data found in Yahoo Finance
SIXH,No data found in Yahoo Finance
SIXL,No data found in Yahoo Finance
SIXA,No data found in Yahoo Finance
SXQG,No data found in Yahoo Finance
SIXS,No data found in Yahoo Finance
TDSB,No data found in Yahoo Finance
TDSC,No data found in Yahoo Finance
CLSM,No data found in Yahoo Finance
RITA,No data found in Yahoo Finance
ECML,No data found in Yahoo Finance
EHLS,No data found in Yahoo Finance
ELCV,No data found in Yahoo Finance
ESIM,No data found in Yahoo Finance
ESSC,No data found in Yahoo Finance
AQWA,No data found in Yahoo Finance
CTEC,No data found in Yahoo Finance
CLOU,No data found in Yahoo Finance
COPX,No data found in Yahoo Finance
BUG,No data found in Yahoo Finance
DTCR,No data found in Yahoo Finance
DAX,No data found in Yahoo Finance
SHLD,No data found in Yahoo Finance
GXDW,No data found in Yahoo Finance
DYLG,No data found in Yahoo Finance
DJIA,No data found in Yahoo Finance
EBIZ,No data found in Yahoo Finance
EMM,No data found in Yahoo Finance
EMC,No data found in Yahoo Finance
FINX,No data found in Yahoo Finance
ASEA,No data found in Yahoo Finance
GNOM,No data found in Yahoo Finance
GOEX,No data found in Yahoo Finance
GURU,No data found in Yahoo Finance
HEAL,No data found in Yahoo Finance
HYDR,No data found in Yahoo Finance
NDIA,No data found in Yahoo Finance
TYLG,No data found in Yahoo Finance
IPAV,No data found in Yahoo Finance
SNSR,No data found in Yahoo Finance
LIT,No data found in Yahoo Finance
MILN,No data found in Yahoo Finance
MLPD,No data found in Yahoo Finance
MLPX,No data found in Yahoo Finance
MLPA,No data found in Yahoo Finance
CPTL,No data found in Yahoo Finance
ARGT,No data found in Yahoo Finance
CHIQ,No data found in Yahoo Finance
COLO,No data found in Yahoo Finance
GREK,No data found in Yahoo Finance
NORW,No data found in Yahoo Finance
EFAS,No data found in Yahoo Finance
SDEM,No data found in Yahoo Finance
VNAM,No data found in Yahoo Finance
QCLR,No data found in Yahoo Finance
QYLG,No data found in Yahoo Finance
QYLD,No data found in Yahoo Finance
QRMI,No data found in Yahoo Finance
QTR,No data found in Yahoo Finance
GXPC,No data found in Yahoo Finance
GXPD,No data found in Yahoo Finance
GXPS,No data found in Yahoo Finance
GXPE,No data found in Yahoo Finance
GXPT,No data found in Yahoo Finance
XBTY,No data found in Yahoo Finance
COYY,No data found in Yahoo Finance
NVYY,No data found in Yahoo Finance
TQQY,No data found in Yahoo Finance
SEMY,No data found in Yahoo Finance
YSPY,No data found in Yahoo Finance
TSYY,No data found in Yahoo Finance
BCOR,No data found in Yahoo Finance
BTCC,No data found in Yahoo Finance
MNRS,No data found in Yahoo Finance
BTC,No data found in Yahoo Finance
BPI,No data found in Yahoo Finance
GBTC,No data found in Yahoo Finance
GLNK,No data found in Yahoo Finance
ETHE,No data found in Yahoo Finance
ETH,No data found in Yahoo Finance
GSOL,No data found in Yahoo Finance
DARP,No data found in Yahoo Finance
GSKH,No data found in Yahoo Finance
ADIV,No data found in Yahoo Finance
DIVS,No data found in Yahoo Finance
MOTO,No data found in Yahoo Finance
GFGF,No data found in Yahoo Finance
SMLL,No data found in Yahoo Finance
EPAI,No data found in Yahoo Finance
VLLU,No data found in Yahoo Finance
EBIT,No data found in Yahoo Finance
HGER,No data found in Yahoo Finance
GDIV,No data found in Yahoo Finance
EPEM,No data found in Yahoo Finance
EMES,No data found in Yahoo Finance
MEDI,No data found in Yahoo Finance
HAPI,No data found in Yahoo Finance
HAPS,No data found in Yahoo Finance
OSEA,No data found in Yahoo Finance
EPIN,No data found in Yahoo Finance
LSEQ,No data found in Yahoo Finance
WINN,No data found in Yahoo Finance
EPMB,No data found in Yahoo Finance
EPMV,No data found in Yahoo Finance
MAPP,No data found in Yahoo Finance
EFFE,No data found in Yahoo Finance
EFFI,No data found in Yahoo Finance
INFO,No data found in Yahoo Finance
EPSB,No data found in Yahoo Finance
EPSV,No data found in Yahoo Finance
TEC,No data found in Yahoo Finance
ACVU,No data found in Yahoo Finance
HDUS,No data found in Yahoo Finance
HFGO,No data found in Yahoo Finance
RODM,No data found in Yahoo Finance
ROAM,No data found in Yahoo Finance
ROSC,No data found in Yahoo Finance
ROUS,No data found in Yahoo Finance
HQGO,No data found in Yahoo Finance
VMAX,No data found in Yahoo Finance
DEFI,No data found in Yahoo Finance
NCIQ,No data found in Yahoo Finance
QQH,No data found in Yahoo Finance
LGH,No data found in Yahoo Finance
HECA,No data found in Yahoo Finance
HGRO,No data found in Yahoo Finance
STNC,No data found in Yahoo Finance
SMCO,No data found in Yahoo Finance
BEEZ,No data found in Yahoo Finance
STOX,No data found in Yahoo Finance
YNOT,No data found in Yahoo Finance
DIVN,No data found in Yahoo Finance
HBTA,No data found in Yahoo Finance
FRGN,No data found in Yahoo Finance
SFTX,No data found in Yahoo Finance
BCDF,No data found in Yahoo Finance
NVIR,No data found in Yahoo Finance
INFL,No data found in Yahoo Finance
JAPN,No data found in Yahoo Finance
MEDX,No data found in Yahoo Finance
SPAQ,No data found in Yahoo Finance
SFTY,No data found in Yahoo Finance
QGRD,No data found in Yahoo Finance
SMOX,No data found in Yahoo Finance
HWSM,No data found in Yahoo Finance
RIET,No data found in Yahoo Finance
HOMZ,No data found in Yahoo Finance
WCEO,No data found in Yahoo Finance
BDVG,No data found in Yahoo Finance
DBMF,No data found in Yahoo Finance
WOMN,No data found in Yahoo Finance
RILA,No data found in Yahoo Finance
QIDX,No data found in Yahoo Finance
AMZA,No data found in Yahoo Finance
ICAP,No data found in Yahoo Finance
SCAP,No data found in Yahoo Finance
GINN,No data found in Yahoo Finance
BSTP,No data found in Yahoo Finance
LOUP,No data found in Yahoo Finance
PXE,No data found in Yahoo Finance
QQMG,No data found in Yahoo Finance
RSPE,No data found in Yahoo Finance
PBJ,No data found in Yahoo Finance
BTCO,No data found in Yahoo Finance
QETH,No data found in Yahoo Finance
PBD,No data found in Yahoo Finance
IQSZ,No data found in Yahoo Finance
PSP,No data found in Yahoo Finance
PIO,No data found in Yahoo Finance
PGJ,No data found in Yahoo Finance
PEY,No data found in Yahoo Finance
IMVP,No data found in Yahoo Finance
IPKW,No data found in Yahoo Finance
IMFL,No data found in Yahoo Finance
PID,No data found in Yahoo Finance
MTRA,No data found in Yahoo Finance
KBWB,No data found in Yahoo Finance
KBWD,No data found in Yahoo Finance
KBWY,No data found in Yahoo Finance
KBWP,No data found in Yahoo Finance
PWB,No data found in Yahoo Finance
PWV,No data found in Yahoo Finance
PEJ,No data found in Yahoo Finance
IMF,No data found in Yahoo Finance
EFAA,No data found in Yahoo Finance
KLMT,No data found in Yahoo Finance
CUT,No data found in Yahoo Finance
KLMN,No data found in Yahoo Finance
ERTH,No data found in Yahoo Finance
PBUS,No data found in Yahoo Finance
QQQM,No data found in Yahoo Finance
IBBQ,No data found in Yahoo Finance
QOWZ,No data found in Yahoo Finance
QQQS,No data found in Yahoo Finance
PNQI,No data found in Yahoo Finance
QQQJ,No data found in Yahoo Finance
KNCT,No data found in Yahoo Finance
GGME,No data found in Yahoo Finance
PXJ,No data found in Yahoo Finance
PDBC,No data found in Yahoo Finance
PJP,No data found in Yahoo Finance
SOXQ,No data found in Yahoo Finance
QQHG,No data found in Yahoo Finance
QQA,No data found in Yahoo Finance
QQLV,No data found in Yahoo Finance
QQQ,No data found in Yahoo Finance
PXF,No data found in Yahoo Finance
PDN,No data found in Yahoo Finance
JMID,No data found in Yahoo Finance
JSML,No data found in Yahoo Finance
JSMD,No data found in Yahoo Finance
JXX,No data found in Yahoo Finance
JRE,No data found in Yahoo Finance
JGRW,No data found in Yahoo Finance
TOV,No data found in Yahoo Finance
JDVI,No data found in Yahoo Finance
JDVL,No data found in Yahoo Finance
JHAC,No data found in Yahoo Finance
JHID,No data found in Yahoo Finance
JHMD,No data found in Yahoo Finance
JHEM,No data found in Yahoo Finance
JHML,No data found in Yahoo Finance
JHMM,No data found in Yahoo Finance
JHSC,No data found in Yahoo Finance
JHDV,No data found in Yahoo Finance
JCHI,No data found in Yahoo Finance
JADE,No data found in Yahoo Finance
JGRO,No data found in Yahoo Finance
JPSV,No data found in Yahoo Finance
JAVA,No data found in Yahoo Finance
JEMA,No data found in Yahoo Finance
BBCA,No data found in Yahoo Finance
BBAX,No data found in Yahoo Finance
BBEM,No data found in Yahoo Finance
BBEU,No data found in Yahoo Finance
BBIN,No data found in Yahoo Finance
BBJP,No data found in Yahoo Finance
BBRE,No data found in Yahoo Finance
BBUS,No data found in Yahoo Finance
BBMC,No data found in Yahoo Finance
BBSC,No data found in Yahoo Finance
JPEM,No data found in Yahoo Finance
JPIN,No data found in Yahoo Finance
JPME,No data found in Yahoo Finance
JPSE,No data found in Yahoo Finance
JPUS,No data found in Yahoo Finance
JDIV,No data found in Yahoo Finance
JPEF,No data found in Yahoo Finance
JEPI,No data found in Yahoo Finance
JFLI,No data found in Yahoo Finance
LCDS,No data found in Yahoo Finance
LVDS,No data found in Yahoo Finance
MCDS,No data found in Yahoo Finance
SCDS,No data found in Yahoo Finance
JGLO,No data found in Yahoo Finance
JDOC,No data found in Yahoo Finance
HELO,No data found in Yahoo Finance
MSFY,No data found in Yahoo Finance
LGHT,No data found in Yahoo Finance
EMKT,No data found in Yahoo Finance
THMZ,No data found in Yahoo Finance
IDEQ,No data found in Yahoo Finance
JPY,No data found in Yahoo Finance
TEKY,No data found in Yahoo Finance
SYZ,No data found in Yahoo Finance
LSAT,No data found in Yahoo Finance
LSAF,No data found in Yahoo Finance
LBAY,No data found in Yahoo Finance
LCR,No data found in Yahoo Finance
LST,No data found in Yahoo Finance
LGRO,No data found in Yahoo Finance
AALG,No data found in Yahoo Finance
ADBG,No data found in Yahoo Finance
AMDG,No data found in Yahoo Finance
ARMG,No data found in Yahoo Finance
ASMG,No data found in Yahoo Finance
AVGG,No data found in Yahoo Finance
BOEG,No data found in Yahoo Finance
BEG,No data found in Yahoo Finance
CNCG,No data found in Yahoo Finance
COIG,No data found in Yahoo Finance
GEVG,No data found in Yahoo Finance
HOOG,No data found in Yahoo Finance
KLAG,No data found in Yahoo Finance
NBIG,No data found in Yahoo Finance
NVDG,No data found in Yahoo Finance
OKTG,No data found in Yahoo Finance
OSCG,No data found in Yahoo Finance
PANG,No data found in Yahoo Finance
PBRG,No data found in Yahoo Finance
PLTG,No data found in Yahoo Finance
PYPG,No data found in Yahoo Finance
RTXG,No data found in Yahoo Finance
SBU,No data found in Yahoo Finance
TERG,No data found in Yahoo Finance
TSLG,No data found in Yahoo Finance
TSMG,No data found in Yahoo Finance
UNHG,No data found in Yahoo Finance
VALG,No data found in Yahoo Finance
XYZG,No data found in Yahoo Finance
LQAI,No data found in Yahoo Finance
MSTB,No data found in Yahoo Finance
MSTQ,No data found in Yahoo Finance
LCLG,No data found in Yahoo Finance
LPRE,No data found in Yahoo Finance
EBI,No data found in Yahoo Finance
LSVD,No data found in Yahoo Finance
CVRD,No data found in Yahoo Finance
DIVL,No data found in Yahoo Finance
BUYW,No data found in Yahoo Finance
INTL,No data found in Yahoo Finance
SECT,No data found in Yahoo Finance
TMAT,No data found in Yahoo Finance
MEMA,No data found in Yahoo Finance
MATE,No data found in Yahoo Finance
GARY,No data found in Yahoo Finance
MNZL,No data found in Yahoo Finance
GSID,No data found in Yahoo Finance
GGUS,No data found in Yahoo Finance
GVUS,No data found in Yahoo Finance
FDIV,No data found in Yahoo Finance
FMTM,No data found in Yahoo Finance
MAVF,No data found in Yahoo Finance
ADVE,No data found in Yahoo Finance
MINV,No data found in Yahoo Finance
MCH,No data found in Yahoo Finance
MCHS,No data found in Yahoo Finance
MEMS,No data found in Yahoo Finance
MEM,No data found in Yahoo Finance
MEMX,No data found in Yahoo Finance
EMSF,No data found in Yahoo Finance
INDE,No data found in Yahoo Finance
JPAN,No data found in Yahoo Finance
MKOR,No data found in Yahoo Finance
ASIA,No data found in Yahoo Finance
TRIO,No data found in Yahoo Finance
MSMR,No data found in Yahoo Finance
MFSG,No data found in Yahoo Finance
MFSI,No data found in Yahoo Finance
MFSV,No data found in Yahoo Finance
BRIE,No data found in Yahoo Finance
ORR,No data found in Yahoo Finance
MVPA,No data found in Yahoo Finance
MVPL,No data found in Yahoo Finance
MKAM,No data found in Yahoo Finance
CNAV,No data found in Yahoo Finance
SNAV,No data found in Yahoo Finance
MBCE,No data found in Yahoo Finance
MDPL,No data found in Yahoo Finance
LRGG,No data found in Yahoo Finance
BILD,No data found in Yahoo Finance
KOOL,No data found in Yahoo Finance
NVOH,No data found in Yahoo Finance
NUDV,No data found in Yahoo Finance
NUEM,No data found in Yahoo Finance
NUDM,No data found in Yahoo Finance
NULC,No data found in Yahoo Finance
NULG,No data found in Yahoo Finance
NULV,No data found in Yahoo Finance
NUMG,No data found in Yahoo Finance
NUMV,No data found in Yahoo Finance
NUSC,No data found in Yahoo Finance
NUGO,No data found in Yahoo Finance
NURE,No data found in Yahoo Finance
IQSI,No data found in Yahoo Finance
IQSU,No data found in Yahoo Finance
IQSM,No data found in Yahoo Finance
IQRA,No data found in Yahoo Finance
HFXI,No data found in Yahoo Finance
WRND,No data found in Yahoo Finance
QAI,No data found in Yahoo Finance
MNA,No data found in Yahoo Finance
LRND,No data found in Yahoo Finance
IWFG,No data found in Yahoo Finance
IWLG,No data found in Yahoo Finance
OAKM,No data found in Yahoo Finance
DUKQ,No data found in Yahoo Finance
DUKX,No data found in Yahoo Finance
FFND,No data found in Yahoo Finance
OASC,No data found in Yahoo Finance
OAEM,No data found in Yahoo Finance
OAIM,No data found in Yahoo Finance
OALC,No data found in Yahoo Finance
IDVZ,No data found in Yahoo Finance
WZRD,No data found in Yahoo Finance
OPTZ,No data found in Yahoo Finance
OSCV,No data found in Yahoo Finance
OBTC,No data found in Yahoo Finance
OTGL,No data found in Yahoo Finance
OVF,No data found in Yahoo Finance
OVLH,No data found in Yahoo Finance
OVL,No data found in Yahoo Finance
OVS,No data found in Yahoo Finance
USAI,No data found in Yahoo Finance
ODDS,No data found in Yahoo Finance
BULD,No data found in Yahoo Finance
HERD,No data found in Yahoo Finance
AIPI,No data found in Yahoo Finance
CEPI,No data found in Yahoo Finance
FEPI,No data found in Yahoo Finance
NVII,No data found in Yahoo Finance
TSII,No data found in Yahoo Finance
SSK,No data found in Yahoo Finance
RHTX,No data found in Yahoo Finance
RHRX,No data found in Yahoo Finance
CEFZ,No data found in Yahoo Finance
RNMN,No data found in Yahoo Finance
THNQ,No data found in Yahoo Finance
HTEC,No data found in Yahoo Finance
ROBO,No data found in Yahoo Finance
RCGE,No data found in Yahoo Finance
RGEF,No data found in Yahoo Finance
RSMC,No data found in Yahoo Finance
AAPW,No data found in Yahoo Finance
AMDW,No data found in Yahoo Finance
AMZW,No data found in Yahoo Finance
ARMW,No data found in Yahoo Finance
AVGW,No data found in Yahoo Finance
METV,No data found in Yahoo Finance
YBTC,No data found in Yahoo Finance
BRKW,No data found in Yahoo Finance
WEED,No data found in Yahoo Finance
MAGC,No data found in Yahoo Finance
COIW,No data found in Yahoo Finance
MAGX,No data found in Yahoo Finance
YETH,No data found in Yahoo Finance
CHAT,No data found in Yahoo Finance
OZEM,No data found in Yahoo Finance
GOOW,No data found in Yahoo Finance
HOOW,No data found in Yahoo Finance
HUMN,No data found in Yahoo Finance
QDTE,No data found in Yahoo Finance
MAGY,No data found in Yahoo Finance
MAGS,No data found in Yahoo Finance
METW,No data found in Yahoo Finance
MSFW,No data found in Yahoo Finance
MSTW,No data found in Yahoo Finance
NFLW,No data found in Yahoo Finance
NVDW,No data found in Yahoo Finance
PLTW,No data found in Yahoo Finance
RDTE,No data found in Yahoo Finance
XDTE,No data found in Yahoo Finance
XDIV,No data found in Yahoo Finance
XPAY,No data found in Yahoo Finance
BETZ,No data found in Yahoo Finance
GOOX,No data found in Yahoo Finance
AAPX,No data found in Yahoo Finance
BTCL,No data found in Yahoo Finance
CIFU,No data found in Yahoo Finance
CRWU,No data found in Yahoo Finance
DJTU,No data found in Yahoo Finance
ETU,No data found in Yahoo Finance
GMEU,No data found in Yahoo Finance
ROBN,No data found in Yahoo Finance
MSFX,No data found in Yahoo Finance
MSTU,No data found in Yahoo Finance
NFLU,No data found in Yahoo Finance
NVDX,No data found in Yahoo Finance
RBLU,No data found in Yahoo Finance
SMUP,No data found in Yahoo Finance
SNOU,No data found in Yahoo Finance
TSLT,No data found in Yahoo Finance
TCHP,No data found in Yahoo Finance
TCAF,No data found in Yahoo Finance
TCAL,No data found in Yahoo Finance
TDVG,No data found in Yahoo Finance
TEQI,No data found in Yahoo Finance
TFNS,No data found in Yahoo Finance
TGLB,No data found in Yahoo Finance
TGRT,No data found in Yahoo Finance
TGRW,No data found in Yahoo Finance
TMED,No data found in Yahoo Finance
THEQ,No data found in Yahoo Finance
TOUS,No data found in Yahoo Finance
TIER,No data found in Yahoo Finance
TURF,No data found in Yahoo Finance
TMSL,No data found in Yahoo Finance
TTEQ,No data found in Yahoo Finance
TSPA,No data found in Yahoo Finance
TVAL,No data found in Yahoo Finance
FDAT,No data found in Yahoo Finance
TDAQ,No data found in Yahoo Finance
TSPY,No data found in Yahoo Finance
TBG,No data found in Yahoo Finance
AIFD,No data found in Yahoo Finance
GRW,No data found in Yahoo Finance
VOTE,No data found in Yahoo Finance
SUPP,No data found in Yahoo Finance
PWRD,No data found in Yahoo Finance
TOLL,No data found in Yahoo Finance
VOLT,No data found in Yahoo Finance
HRTS,No data found in Yahoo Finance
CANC,No data found in Yahoo Finance
DSPY,No data found in Yahoo Finance
WELD,No data found in Yahoo Finance
CXRN,No data found in Yahoo Finance
WXET,No data found in Yahoo Finance
XXRP,No data found in Yahoo Finance
TAGS,No data found in Yahoo Finance
TILL,No data found in Yahoo Finance
CORN,No data found in Yahoo Finance
SOYB,No data found in Yahoo Finance
CANE,No data found in Yahoo Finance
WEAT,No data found in Yahoo Finance
MMKT,No data found in Yahoo Finance
TXS,No data found in Yahoo Finance
OILT,No data found in Yahoo Finance
INQQ,No data found in Yahoo Finance
DRGN,No data found in Yahoo Finance
CLOD,No data found in Yahoo Finance
COPA,No data found in Yahoo Finance
SPAM,No data found in Yahoo Finance
WISE,No data found in Yahoo Finance
GSIB,No data found in Yahoo Finance
AUMI,No data found in Yahoo Finance
BOTT,No data found in Yahoo Finance
LIMI,No data found in Yahoo Finance
CZAR,No data found in Yahoo Finance
AGMI,No data found in Yahoo Finance
NATO,No data found in Yahoo Finance
URAN,No data found in Yahoo Finance
LGCF,No data found in Yahoo Finance
HWAY,No data found in Yahoo Finance
USRD,No data found in Yahoo Finance
SMCF,No data found in Yahoo Finance
THLV,No data found in Yahoo Finance
THIR,No data found in Yahoo Finance
TXUE,No data found in Yahoo Finance
TXUG,No data found in Yahoo Finance
TMVE,No data found in Yahoo Finance
TSCV,No data found in Yahoo Finance
TSME,No data found in Yahoo Finance
NACP,No data found in Yahoo Finance
TPHD,No data found in Yahoo Finance
TPIF,No data found in Yahoo Finance
TPLC,No data found in Yahoo Finance
TPSC,No data found in Yahoo Finance
MRSK,No data found in Yahoo Finance
TCAI,No data found in Yahoo Finance
TPZ,No data found in Yahoo Finance
TNGY,No data found in Yahoo Finance
TBLU,No data found in Yahoo Finance
TPYP,No data found in Yahoo Finance
DVND,No data found in Yahoo Finance
TDI,No data found in Yahoo Finance
TLCI,No data found in Yahoo Finance
TEMX,No data found in Yahoo Finance
TSEL,No data found in Yahoo Finance
LCF,No data found in Yahoo Finance
TCV,No data found in Yahoo Finance
TMH,No data found in Yahoo Finance
GSLC,No data found in Yahoo Finance
GSSC,No data found in Yahoo Finance
HFSP,No data found in Yahoo Finance
NVDS,No data found in Yahoo Finance
SARK,No data found in Yahoo Finance
ARCX,No data found in Yahoo Finance
LABX,No data found in Yahoo Finance
APLX,No data found in Yahoo Finance
APPX,No data found in Yahoo Finance
ASTX,No data found in Yahoo Finance
BEX,No data found in Yahoo Finance
CEGX,No data found in Yahoo Finance
CRDU,No data found in Yahoo Finance
CWVX,No data found in Yahoo Finance
GEVX,No data found in Yahoo Finance
MQQQ,No data found in Yahoo Finance
QQQP,No data found in Yahoo Finance
LRCU,No data found in Yahoo Finance
NEBX,No data found in Yahoo Finance
NVTX,No data found in Yahoo Finance
QBTX,No data found in Yahoo Finance
QUBX,No data found in Yahoo Finance
RGTU,No data found in Yahoo Finance
SMU,No data found in Yahoo Finance
SPYQ,No data found in Yahoo Finance
TEMT,No data found in Yahoo Finance
UPSX,No data found in Yahoo Finance
WULX,No data found in Yahoo Finance
TSLQ,No data found in Yahoo Finance
TOGA,No data found in Yahoo Finance
RVER,No data found in Yahoo Finance
PVEX,No data found in Yahoo Finance
PWRZ,No data found in Yahoo Finance
FLDZ,No data found in Yahoo Finance
ONEZ,No data found in Yahoo Finance
APRZ,No data found in Yahoo Finance
AUGZ,No data found in Yahoo Finance
DECZ,No data found in Yahoo Finance
FEBZ,No data found in Yahoo Finance
JANZ,No data found in Yahoo Finance
JULZ,No data found in Yahoo Finance
JUNZ,No data found in Yahoo Finance
MARZ,No data found in Yahoo Finance
MAYZ,No data found in Yahoo Finance
NOVZ,No data found in Yahoo Finance
OCTZ,No data found in Yahoo Finance
SEPZ,No data found in Yahoo Finance
LRNZ,No data found in Yahoo Finance
TSES,No data found in Yahoo Finance
TSNF,No data found in Yahoo Finance
YALL,No data found in Yahoo Finance
SKRE,No data found in Yahoo Finance
COPY,No data found in Yahoo Finance
ICPY,No data found in Yahoo Finance
TSPX,No data found in Yahoo Finance
SPYA,No data found in Yahoo Finance
GOAU,No data found in Yahoo Finance
JETS,No data found in Yahoo Finance
SEA,No data found in Yahoo Finance
WAR,No data found in Yahoo Finance
UNL,No data found in Yahoo Finance
USL,No data found in Yahoo Finance
BNO,No data found in Yahoo Finance
USCI,No data found in Yahoo Finance
CPER,No data found in Yahoo Finance
UGA,No data found in Yahoo Finance
UNG,No data found in Yahoo Finance
USO,No data found in Yahoo Finance
HFEQ,No data found in Yahoo Finance
HFGM,No data found in Yahoo Finance
HFMF,No data found in Yahoo Finance
HFND,No data found in Yahoo Finance
NANC,No data found in Yahoo Finance
GOP,No data found in Yahoo Finance
UPAR,No data found in Yahoo Finance
PPTY,No data found in Yahoo Finance
VEGN,No data found in Yahoo Finance
CPXR,No data found in Yahoo Finance
PSWD,No data found in Yahoo Finance
EMCR,No data found in Yahoo Finance
DEEF,No data found in Yahoo Finance
ASHR,No data found in Yahoo Finance
ASHS,No data found in Yahoo Finance
HAUZ,No data found in Yahoo Finance
DBAW,No data found in Yahoo Finance
DBEF,No data found in Yahoo Finance
HDEF,No data found in Yahoo Finance
EASG,No data found in Yahoo Finance
DBEM,No data found in Yahoo Finance
EMCS,No data found in Yahoo Finance
DBEU,No data found in Yahoo Finance
DBEZ,No data found in Yahoo Finance
DBJP,No data found in Yahoo Finance
KOKU,No data found in Yahoo Finance
USCA,No data found in Yahoo Finance
USSG,No data found in Yahoo Finance
USNZ,No data found in Yahoo Finance
NRES,No data found in Yahoo Finance
QARP,No data found in Yahoo Finance
DEUS,No data found in Yahoo Finance
XOEX,No data found in Yahoo Finance
SPXD,No data found in Yahoo Finance
SNPG,No data found in Yahoo Finance
SNPE,No data found in Yahoo Finance
SNPD,No data found in Yahoo Finance
MIDE,No data found in Yahoo Finance
CHPS,No data found in Yahoo Finance
UPGR,No data found in Yahoo Finance
CRTC,No data found in Yahoo Finance
APLY,No data found in Yahoo Finance
GPTY,No data found in Yahoo Finance
AIYY,No data found in Yahoo Finance
AMDY,No data found in Yahoo Finance
AMZY,No data found in Yahoo Finance
BABO,No data found in Yahoo Finance
YBIT,No data found in Yahoo Finance
BRKC,No data found in Yahoo Finance
CONY,No data found in Yahoo Finance
LFGY,No data found in Yahoo Finance
CVNY,No data found in Yahoo Finance
DRAY,No data found in Yahoo Finance
GDXY,No data found in Yahoo Finance
GOOY,No data found in Yahoo Finance
HOOY,No data found in Yahoo Finance
OARK,No data found in Yahoo Finance
JPO,No data found in Yahoo Finance
YMAG,No data found in Yahoo Finance
